threshold,frauds_missed,false_alarms,cost_missed,cost_alarms,total_cost
0.01,18,51,3784.0099999999998,255.0,4039.0099999999998
0.02,18,38,3784.0099999999998,190.0,3974.0099999999998
0.03,18,32,3784.0099999999998,160.0,3944.0099999999998
0.04,19,25,3785.0099999999998,125.0,3910.0099999999998
0.05,19,23,3785.0099999999998,115.0,3900.0099999999998
0.060000000000000005,19,23,3785.0099999999998,115.0,3900.0099999999998
0.06999999999999999,19,20,3785.0099999999998,100.0,3885.0099999999998
0.08,19,19,3785.0099999999998,95.0,3880.0099999999998
0.09,19,17,3785.0099999999998,85.0,3870.0099999999998
0.09999999999999999,19,15,3785.0099999999998,75.0,3860.0099999999998
0.11,19,13,3785.0099999999998,65.0,3850.0099999999998
0.12,19,13,3785.0099999999998,65.0,3850.0099999999998
0.13,19,12,3785.0099999999998,60.0,3845.0099999999998
0.14,19,12,3785.0099999999998,60.0,3845.0099999999998
0.15000000000000002,19,12,3785.0099999999998,60.0,3845.0099999999998
0.16,19,11,3785.0099999999998,55.0,3840.0099999999998
0.17,19,9,3785.0099999999998,45.0,3830.0099999999998
0.18000000000000002,19,9,3785.0099999999998,45.0,3830.0099999999998
0.19,19,9,3785.0099999999998,45.0,3830.0099999999998
0.2,19,7,3785.0099999999998,35.0,3820.0099999999998
0.21000000000000002,19,7,3785.0099999999998,35.0,3820.0099999999998
0.22,19,7,3785.0099999999998,35.0,3820.0099999999998
0.23,19,7,3785.0099999999998,35.0,3820.0099999999998
0.24000000000000002,19,7,3785.0099999999998,35.0,3820.0099999999998
0.25,19,7,3785.0099999999998,35.0,3820.0099999999998
0.26,19,7,3785.0099999999998,35.0,3820.0099999999998
0.27,20,6,3788.7999999999997,30.0,3818.7999999999997
0.28,20,6,3788.7999999999997,30.0,3818.7999999999997
0.29000000000000004,20,6,3788.7999999999997,30.0,3818.7999999999997
0.3,20,6,3788.7999999999997,30.0,3818.7999999999997
0.31,20,6,3788.7999999999997,30.0,3818.7999999999997
0.32,20,6,3788.7999999999997,30.0,3818.7999999999997
0.33,20,6,3788.7999999999997,30.0,3818.7999999999997
0.34,20,6,3788.7999999999997,30.0,3818.7999999999997
0.35000000000000003,20,6,3788.7999999999997,30.0,3818.7999999999997
0.36000000000000004,20,6,3788.7999999999997,30.0,3818.7999999999997
0.37,20,6,3788.7999999999997,30.0,3818.7999999999997
0.38,20,6,3788.7999999999997,30.0,3818.7999999999997
0.39,20,6,3788.7999999999997,30.0,3818.7999999999997
0.4,20,6,3788.7999999999997,30.0,3818.7999999999997
0.41000000000000003,20,5,3788.7999999999997,25.0,3813.7999999999997
0.42000000000000004,20,5,3788.7999999999997,25.0,3813.7999999999997
0.43,20,4,3788.7999999999997,20.0,3808.7999999999997
0.44,20,4,3788.7999999999997,20.0,3808.7999999999997
0.45,20,4,3788.7999999999997,20.0,3808.7999999999997
0.46,20,4,3788.7999999999997,20.0,3808.7999999999997
0.47000000000000003,20,3,3788.7999999999997,15.0,3803.7999999999997
0.48000000000000004,21,3,3792.5599999999995,15.0,3807.5599999999995
0.49,21,3,3792.5599999999995,15.0,3807.5599999999995
0.5,21,2,3792.5599999999995,10.0,3802.5599999999995
0.51,21,2,3792.5599999999995,10.0,3802.5599999999995
0.52,21,2,3792.5599999999995,10.0,3802.5599999999995
0.53,21,2,3792.5599999999995,10.0,3802.5599999999995
0.54,21,2,3792.5599999999995,10.0,3802.5599999999995
0.55,21,2,3792.5599999999995,10.0,3802.5599999999995
0.56,21,2,3792.5599999999995,10.0,3802.5599999999995
0.5700000000000001,21,2,3792.5599999999995,10.0,3802.5599999999995
0.5800000000000001,21,2,3792.5599999999995,10.0,3802.5599999999995
0.59,21,2,3792.5599999999995,10.0,3802.5599999999995
0.6,21,2,3792.5599999999995,10.0,3802.5599999999995
0.61,21,2,3792.5599999999995,10.0,3802.5599999999995
0.62,21,2,3792.5599999999995,10.0,3802.5599999999995
0.63,21,2,3792.5599999999995,10.0,3802.5599999999995
0.64,21,2,3792.5599999999995,10.0,3802.5599999999995
0.65,21,2,3792.5599999999995,10.0,3802.5599999999995
0.66,21,2,3792.5599999999995,10.0,3802.5599999999995
0.67,21,2,3792.5599999999995,10.0,3802.5599999999995
0.68,21,2,3792.5599999999995,10.0,3802.5599999999995
0.6900000000000001,21,2,3792.5599999999995,10.0,3802.5599999999995
0.7000000000000001,22,2,4032.4899999999993,10.0,4042.4899999999993
0.7100000000000001,22,1,4032.4899999999993,5.0,4037.4899999999993
0.72,22,1,4032.4899999999993,5.0,4037.4899999999993
0.73,22,1,4032.4899999999993,5.0,4037.4899999999993
0.74,22,1,4032.4899999999993,5.0,4037.4899999999993
0.75,22,1,4032.4899999999993,5.0,4037.4899999999993
0.76,22,1,4032.4899999999993,5.0,4037.4899999999993
0.77,22,1,4032.4899999999993,5.0,4037.4899999999993
0.78,22,1,4032.4899999999993,5.0,4037.4899999999993
0.79,22,1,4032.4899999999993,5.0,4037.4899999999993
0.8,22,1,4032.4899999999993,5.0,4037.4899999999993
0.81,22,1,4032.4899999999993,5.0,4037.4899999999993
0.8200000000000001,22,1,4032.4899999999993,5.0,4037.4899999999993
0.8300000000000001,22,1,4032.4899999999993,5.0,4037.4899999999993
0.8400000000000001,22,1,4032.4899999999993,5.0,4037.4899999999993
0.85,22,1,4032.4899999999993,5.0,4037.4899999999993
0.86,23,1,4051.5299999999997,5.0,4056.5299999999997
0.87,23,1,4051.5299999999997,5.0,4056.5299999999997
0.88,23,1,4051.5299999999997,5.0,4056.5299999999997
0.89,24,1,4051.5299999999997,5.0,4056.5299999999997
0.9,24,1,4051.5299999999997,5.0,4056.5299999999997
0.91,24,1,4051.5299999999997,5.0,4056.5299999999997
0.92,24,1,4051.5299999999997,5.0,4056.5299999999997
0.93,24,1,4051.5299999999997,5.0,4056.5299999999997
0.9400000000000001,24,1,4051.5299999999997,5.0,4056.5299999999997
0.9500000000000001,24,1,4051.5299999999997,5.0,4056.5299999999997
0.9600000000000001,25,1,4063.8399999999997,5.0,4068.8399999999997
0.97,25,1,4063.8399999999997,5.0,4068.8399999999997
0.98,25,1,4063.8399999999997,5.0,4068.8399999999997
0.99,25,1,4063.8399999999997,5.0,4068.8399999999997
